id,question,answer,dblp_key,semantic_scholar_id
qa1,What are the two main overhead factors that influence the speedup of Time Warp simulation systems?,The two main overhead factors are:1. Load balancing among simulators.2. Minimizing communication and rollbacks.,tr/tum/TUM-I-9316,16953688
qa2,Why is differential diagnosis (DDx) a challenging task for physicians?,"DDx is challenging due to the existence of numerous diseases with complex symptoms, making accurate diagnosis difficult.",conf/coling/WinterRLGRK24,269804846
qa3,What is CtRL-Sim?,CtRL-Sim is a method that leverages return-conditioned offline reinforcement learning to efficiently generate reactive and controllable traffic agents.,journals/corr/abs-2403-19918,268793535
qa4,What is the proposed solution to alleviate the topology mismatching problem?,"To address this issue, we propose the Adaptive Overlay Topology Optimization (AOTO) technique. AOTO builds an overlay multicast tree between each source node and its direct logical neighbors, prioritizing the selection of physically closer nodes as logical neighbors.",conf/globecom/LiuZXN03,11772261
qa5,What solution is proposed to better assess deblurred images?,"To better assess the quality of motion deblurred images, the authors propose a new quality metric that specifically measures noise, ringing, and residual blur (NRRB)—common distortions in motion deblurring.",journals/iet-cvi/HuLQ18,52054585
qa6,What is Motion deblurring?,Motion deblurring aims to recover a sharp image from a blurry one.,conf/icmcs/LiLLMY20,221118670
qa7,What technology is being explored for powering IoT devices wirelessly?,"The technology being explored for wirelessly powering IoT devices is dye-sensitized solar cells (DSSCs), which have been optimized to efficiently harvest ambient light and generate sufficient energy for self-powered IoT systems.",journals/corr/abs-2311-16284,265466256
qa8,What is Kalman filter based approach?,The Kalman filter-based approach is a method for estimating unknown variables from noisy measurements by leveraging Bayesian inference and system dynamics.,journals/entropy/GiffinU14,6505154
qa9,What are applications of 3-D models of urban environments?,"Three-dimensional (3-D) modeling of urban environments has numerous applications, including virtual environments, urban planning, and physical simulation.",phd/ndltd/Coorg98,15686113
qa10,What is Compressive Sensing?,Compressive Sensing (CS) is an advanced signal processing technique that enables the reconstruction of a signal using far fewer measurements than required by the traditional Nyquist-Shannon sampling theorem.,conf/siu/AtarEO15,8954827
qa11,What is the main objective of the proposed MIR-Kernel in Multi-Instance Learning (MIL)?,The main objective of the proposed MIR-Kernel in Multi-Instance Learning (MIL) is to capture the relational information of instances within bags when computing similarities between them.,conf/wacv/HermanYWXZ09,2932304
qa12,What is Magnetic resonance tagging?,Magnetic Resonance (MR) Tagging is a technique used to measure heart deformations by creating a stripe grid pattern on cardiac images.,journals/tmi/ChenA02,18912630
qa13,How does the proposed SVM-based networking scheme improve LEO satellite network (LSN) performance?,The proposed SVM-based networking scheme improves the performance of LEO satellite networks (LSN) by addressing two main challenges: increasing network transmission capacities (NTC) and maintaining excellent NTC performance during the service duration.,journals/tvt/WangJWCQ23,255295840
qa14,What is Visual Place Recognition?,"Visual Place Recognition (VPR) is the task of identifying previously visited locations using visual perception, despite variations in illumination, occlusion, appearance, and viewpoint.",journals/corr/abs-2312-09028,266210153
qa15,Which wavelet family was found to be the most effective for computational Vascular Similarity Measurement (VSM)?,The Db1 (Daubechies 1) wavelet was found to be the most effective wavelet family for computational Vascular Similarity Measurement (VSM).,conf/ijcnn/DerakhshaniTCRK16,14069377
qa16,How does serverless computing improve the processing of large-scale genomic data in RNA sequencing analysis?,"Serverless computing significantly enhances the processing of large-scale genomic data in RNA sequencing (RNA-seq) analysis by leveraging parallel computing in the cloud, eliminating infrastructure management, and optimizing resource allocation.",conf/bibm/CinagliaC23,267044086
qa17,How does HTDroid improve privacy leak detection in Android hybrid applications compared to existing methods?,"HTDroid improves privacy leak detection in Android hybrid applications by addressing the limitations of existing methods like TaintDroid, which only tracks taint propagation in the Dalvik Virtual Machine (DVM) and cannot effectively handle privacy leaks in WebView and JavaScript engines.",conf/euc/TangLXHG21,247796257
qa18,What are the key advantages of the Zero-Maintenance Address Allocation (ZAL) algorithm in hybrid wireless networks?,"ZAL is a fully distributed IP address allocation algorithm with extremely low communication overhead. It eliminates permanent address duplication, requires no periodic maintenance messages, timeouts, or protocol modifications, and efficiently minimizes address space usage.",conf/icdcs/HuL05,7835997
qa19,How does the Enclosure Sphere Based Cell Visibility (ESBCV) algorithm improve virtual endoscopy rendering?,The ESBCV algorithm enhances virtual endoscopy rendering by using a two-step visibility computation process. It first determines visibility between cells with Z-buffer assistance during preprocessing and then calculates eye-to-cell visibility through a simple numerical intersection method. This approach ensures high image quality and interactive rendering speed for virtual navigation.,conf/visualization/LiuZ05,16812646
qa20,What are the advantages of using higher order spectra in the proposed feature extraction algorithm?,"Using higher order spectra in the feature extraction algorithm provides translation, scale, and rotation invariance, strong noise immunity, and incorporates nonlinearity—allowing for simple classifiers and improved classification accuracy.",journals/tip/ChandranCBE97,6588319
qa21,What is the Logarithmic Image Processing (LIP) model?,The LIP model is a mathematical theory that provides generalized linear operations for image processing.,journals/tip/Deng12,13062146
qa22,What are Multi-chassis endpoints and Link Aggregation Groups?,Multi-chassis endpoints are endpoints that are distributed on multiple chassis where as Link Aggregation Groups aggregate the data for the network topology.,conf/IEEEares/BirkholzS14,18896051
qa23,What is the purpose of the GlycoRec system?,GlycoRec aims to support patients in making decisions related to diabetes treatment by modeling their behavior and physiology.,conf/mc/WeibelzahlHRHMS15,19767343
qa24,What type of information is generated by DNA microarray experiments?,DNA microarray experiments generate substantial information about global gene expression.,conf/csb/WangBCC05,7325734
qa25,What is Diabetic Retinopathy?,DR is a common complication of diabetes that can lead to blindness if not detected and treated early.,conf/mie/PedrosaSM018,5028717
qa26,What is a Piezoelectric Braille display unit?,It is a refreshable device that displays Braille characters for visually impaired individuals to read by touch.,conf/icreate/SmithmaitrieKT07,16129336
qa27,What is Mobile CrowdSensing?,MCS is a promising paradigm that recruits users to cooperatively perform various sensing tasks using their mobile devices.,conf/infocom/LiuYWW20,210176991
qa28,How does MFGNet process the input image pairs?,"MFGNet processes input image pairs by encoding features, generating dynamic modality-aware filters for visible and thermal images, applying these filters via convolution, and combining the outputs with residual connections. The augmented features are then used in the RoI align module for classification.",journals/corr/abs-2107-10433,236171107
qa29,What is the purpose of switch-level models in MOS digital circuits?,"Switch-level models are used for fault analysis in MOS digital circuits, providing more accurate results than gate-level models while avoiding the complexities of circuit-level analysis.",journals/tcad/RajsumanMJ89,10131562
qa30,What are the challenges of previous RL algorithms for text generation?,"Previous RL methods, such as policy gradient (on-policy RL) and Q-learning (off-policy RL), are often inefficient and unstable due to the large sequence space and sparse rewards received only at the end of sequences.",journals/corr/abs-2106-07704,235435671
qa31,What is the purpose of a Key Derivation Function (KDF)?,"A Key Derivation Function (KDF) generates a uniform, highly random keystream from weakly random key material, enabling secure key usage in cryptographic protocols.",journals/iacr/BhatiDARP23,259092480
qa32,Why is the magnetic core important in Hall sensor design?,"The magnetic core is a key component of the magnetic circuit, and its performance directly impacts the overall performance of the Hall sensor.",conf/eitce/WangHGH23,269234447
qa33,Why is post-fire forest regeneration important?,"Post-fire forest regeneration is important for ecological studies and forest management, helping to restore ecosystems and guide recovery practices.",conf/igarss/ChenMSC16,32685202
qa34,Why is a new design for SLO auditing needed?,A new design is necessary to minimize the effort required for adapting to frequent changes in service landscapes and QoS parameters.,journals/tnsm/Stiller11,18713476
qa35,Why might a product label be important for CCU products?,"A label could help inform the public and build trust in CCU products, which are novel and not widely known.",conf/smartgreens/LinzenichAZ19,174803344
qa36,Why are passphrases recommended as an alternative to passwords?,Passphrases are recommended because they are potentially easier to remember and harder to guess compared to traditional passwords.,conf/asiaccs/MukherjeeMJG0M23,257557282
qa37,Why is the classic concept of shortest path insufficient in temporal graphs?,"In temporal graphs, the order of activities is determined by temporal information, making the classic shortest path definition inadequate or flawed.",journals/pvldb/WuCHKLX14,6761523
qa38,How does the fractional-step detection improve sensing performance?,It improves accuracy by combining the simplicity of energy detection with the detailed statistical analysis of covariance detection through a step-by-step process.,conf/wcsp/JiaWBGG15,2094899
qa39,Why are Quick Response (QR) codes widely used in industrial applications?,"QR codes offer high data capacity and robust error correction, making them ideal for industrial information tagging.",conf/icnc/LiuYY08,230081
qa40,How does SSTL improve MVPA performance across different sites?,"SSTL first extracts common features for subjects within each site, and then maps these features into a site-independent shared space using transfer learning, leading to improved model generalization and prediction performance.",conf/nips/YousefnezhadSZG20,225102988
qa41,Why is shaft defect detection important in hydroelectric power generation systems?,Detecting defects in shafts ensures the stable operation of hydropower stations.,journals/staeors/ChuTSCNRL22,251328247
qa42,How does TRaX handle incoherent rays compared to packet-based ray tracers?,"TRaX exhibits only minor slowdowns when handling incoherent secondary rays, while packet-based ray tracers experience more significant slowdown.",journals/tcad/SpjutKKB09,8152945
qa43,Why is simplifying the learning process important in multi-agent systems?,Simplification helps address the challenges posed by the large number of agents and their complex interactions.,journals/corr/abs-1911-10715,208267864
qa44,How do iterative algorithms like PIM and iSLIP achieve maximal matching?,Iterative algorithms like PIM and iSLIP use multiple iterations during each time slot to converge on a maximal match.,conf/globecom/LiPC02,7364683
qa45,How does the personalized mosaic EPG update and function for the viewer?,"A personalized mosaic EPG updates continuously by recording the selected programs and assembling them into a personalized screen based on the viewer’s preferences. This allows the viewer to watch an almost live, updated mosaic of their favorite programs without needing any assistance from broadcast providers.",journals/tce/HanHP08,19654038
qa46,How does DATSING improve time series forecasting?,"DATSING improves forecasting by transferring domain-invariant feature representations from a pre-trained stacked deep residual network to the target domains, and then fine-tuning these representations with domain adversarial regularization to improve out-of-sample generalization.",conf/cikm/HuTB20,224280682
qa47,How does CrossPoint establish a correspondence between 3D point clouds and 2D images?,"CrossPoint maximizes agreement between 3D point clouds and their corresponding rendered 2D images in an invariant space, while ensuring invariance to transformations in the point cloud modality.",journals/corr/abs-2203-00680,247187696
qa48,Why is Center of Mass (CoM) estimation challenging in rough terrains?,CoM estimation is challenging in rough terrains due to the complicated body dynamics involved.,conf/biorob/BarriosS16,2291819
qa49,How does GeoGNN improve the integration of sensory information?,"GeoGNN introduces relative position information of neighboring robots into the interaction layers of the graph neural network, enabling better integration of neighbor sensing information.",journals/corr/abs-2311-07105,265149955
qa50,How is muscle tone monitored in the proposed robot-assisted therapy concept?,Muscle tone is monitored online during the exercise and integrated into an assessment-driven therapy concept.,conf/icorr/RanzaniVEHLG19,199057846
